{"stats":{"minecraft:killed_by":{"minecraft:zombie":1},"minecraft:used":{"minecraft:acacia_stairs":1,"minecraft:acacia_planks":1},"minecraft:custom":{"minecraft:jump":49,"minecraft:time_since_rest":74141,"minecraft:damage_dealt":20,"minecraft:damage_taken":2868,"minecraft:crouch_one_cm":101,"minecraft:leave_game":6,"minecraft:play_time":79524,"minecraft:sprint_one_cm":5730,"minecraft:time_since_death":74396,"minecraft:walk_one_cm":7728,"minecraft:deaths":2,"minecraft:sneak_time":101,"minecraft:total_world_time":79524,"minecraft:fall_one_cm":8007,"minecraft:fly_one_cm":15045}},"DataVersion":3465}