{"stats":{"minecraft:killed_by":{"minecraft:zombie":1},"minecraft:used":{"minecraft:acacia_stairs":1,"minecraft:acacia_planks":1},"minecraft:custom":{"minecraft:jump":18,"minecraft:time_since_rest":50017,"minecraft:damage_dealt":20,"minecraft:damage_taken":2828,"minecraft:crouch_one_cm":61,"minecraft:leave_game":5,"minecraft:play_time":55400,"minecraft:sprint_one_cm":2309,"minecraft:time_since_death":50272,"minecraft:walk_one_cm":4683,"minecraft:deaths":2,"minecraft:sneak_time":95,"minecraft:total_world_time":55400,"minecraft:fall_one_cm":6016,"minecraft:fly_one_cm":12547}},"DataVersion":3465}