{"stats":{"minecraft:custom":{"minecraft:jump":61,"minecraft:time_since_rest":36606,"minecraft:damage_dealt":18,"minecraft:crouch_one_cm":1248,"minecraft:deaths":1,"minecraft:sprint_one_cm":12633,"minecraft:play_time":52242,"minecraft:damage_taken":285,"minecraft:time_since_death":23383,"minecraft:walk_one_cm":6220,"minecraft:sneak_time":963,"minecraft:total_world_time":52242,"minecraft:fall_one_cm":5164,"minecraft:fly_one_cm":10383},"minecraft:killed_by":{"minecraft:skeleton":1}},"DataVersion":3465}