{"stats":{"minecraft:picked_up":{"minecraft:string":2},"minecraft:killed_by":{"minecraft:skeleton":1,"minecraft:spider":1},"minecraft:custom":{"minecraft:jump":103,"minecraft:time_since_rest":1218,"minecraft:damage_dealt":168,"minecraft:damage_taken":495,"minecraft:crouch_one_cm":1657,"minecraft:leave_game":2,"minecraft:play_time":83292,"minecraft:sprint_one_cm":14964,"minecraft:time_since_death":1195,"minecraft:walk_one_cm":9354,"minecraft:deaths":2,"minecraft:sneak_time":1119,"minecraft:total_world_time":83292,"minecraft:mob_kills":1,"minecraft:drop":2,"minecraft:fall_one_cm":6584,"minecraft:fly_one_cm":13809},"minecraft:killed":{"minecraft:spider":1},"minecraft:dropped":{"minecraft:string":2}},"DataVersion":3465}