{"stats":{"minecraft:used":{"alexsmobs:animal_dictionary":1},"minecraft:custom":{"minecraft:open_barrel":5,"minecraft:open_chest":1,"minecraft:time_since_rest":16200,"minecraft:damage_taken":60,"minecraft:crouch_one_cm":307,"minecraft:leave_game":2,"minecraft:play_time":20930,"minecraft:sprint_one_cm":10671,"minecraft:time_since_death":16940,"minecraft:walk_one_cm":12781,"minecraft:deaths":1,"minecraft:sneak_time":198,"minecraft:total_world_time":20930,"minecraft:climb_one_cm":862,"minecraft:fall_one_cm":1349,"minecraft:fly_one_cm":8039,"minecraft:jump":43}},"DataVersion":3465}