{"stats":{"minecraft:mined":{"minecraft:acacia_leaves":1},"minecraft:used":{"alexsmobs:animal_dictionary":2},"minecraft:custom":{"minecraft:jump":30,"minecraft:time_since_rest":11742,"minecraft:crouch_one_cm":79,"minecraft:damage_taken":10,"minecraft:sprint_one_cm":1458,"minecraft:play_time":11742,"minecraft:time_since_death":11742,"minecraft:walk_one_cm":7555,"minecraft:sneak_time":449,"minecraft:climb_one_cm":528,"minecraft:total_world_time":11742,"minecraft:fall_one_cm":544,"minecraft:fly_one_cm":1685}},"DataVersion":3465}