[
  {
    "uuid": "6471b3dc-9311-3f2e-8f69-d5fd95cf8208",
    "displayName": {
      "insertion": "danielsapero",
      "clickEvent": {
        "action": "suggest_command",
        "value": "/tell danielsapero "
      },
      "hoverEvent": {
        "action": "show_entity",
        "contents": {
          "type": "minecraft:player",
          "id": "6471b3dc-9311-3f2e-8f69-d5fd95cf8208",
          "name": {
            "text": "danielsapero"
          }
        }
      },
      "extra": [
        {
          "text": "danielsapero"
        }
      ],
      "text": ""
    },
    "animation": "null"
  },
  {
    "uuid": "ccbb06a5-59b5-4064-90fe-1372080768e7",
    "displayName": {
      "insertion": "Alvaro35000",
      "clickEvent": {
        "action": "suggest_command",
        "value": "/tell Alvaro35000 "
      },
      "hoverEvent": {
        "action": "show_entity",
        "contents": {
          "type": "minecraft:player",
          "id": "ccbb06a5-59b5-4064-90fe-1372080768e7",
          "name": {
            "text": "Alvaro35000"
          }
        }
      },
      "extra": [
        {
          "text": "Alvaro35000"
        }
      ],
      "text": ""
    },
    "animation": "null"
  },
  {
    "uuid": "cd0a9d0c-59e8-324e-8414-c9aadd446c9f",
    "displayName": {
      "insertion": "Mystik257",
      "clickEvent": {
        "action": "suggest_command",
        "value": "/tell Mystik257 "
      },
      "hoverEvent": {
        "action": "show_entity",
        "contents": {
          "type": "minecraft:player",
          "id": "cd0a9d0c-59e8-324e-8414-c9aadd446c9f",
          "name": {
            "text": "Mystik257"
          }
        }
      },
      "extra": [
        {
          "text": "Mystik257"
        }
      ],
      "text": ""
    },
    "animation": "null"
  },
  {
    "uuid": "2fff722d-714c-3367-a330-789354b2e227",
    "displayName": {
      "insertion": "Alvaro35000",
      "clickEvent": {
        "action": "suggest_command",
        "value": "/tell Alvaro35000 "
      },
      "hoverEvent": {
        "action": "show_entity",
        "contents": {
          "type": "minecraft:player",
          "id": "2fff722d-714c-3367-a330-789354b2e227",
          "name": {
            "text": "Alvaro35000"
          }
        }
      },
      "extra": [
        {
          "text": "Alvaro35000"
        }
      ],
      "text": ""
    },
    "animation": "null"
  }
]