[
  {
    "uuid": "ccbb06a5-59b5-4064-90fe-1372080768e7",
    "displayName": {
      "insertion": "Alvaro35000",
      "clickEvent": {
        "action": "suggest_command",
        "value": "/tell Alvaro35000 "
      },
      "hoverEvent": {
        "action": "show_entity",
        "contents": {
          "type": "minecraft:player",
          "id": "ccbb06a5-59b5-4064-90fe-1372080768e7",
          "name": {
            "text": "Alvaro35000"
          }
        }
      },
      "extra": [
        {
          "text": "Alvaro35000"
        }
      ],
      "text": ""
    },
    "animation": "null"
  }
]